-- =============================================
-- ЗАПОЛНЕНИЕ ДАННЫХ
-- =============================================

-- ----------------------------------------
-- Вспомогательные данные
-- ----------------------------------------

INSERT INTO worker_types (type_name)
VALUES
    ('актёр'),
    ('музыкант'),
    ('режиссёр-постановщик'),
    ('художник-постановщик'),
    ('дирижёр-постановщик'),
    ('служащий');

INSERT INTO countries (country_name)
VALUES
    ('Россия'),
    ('Великобритания'),
    ('Франция'),
    ('Италия'),
    ('Австрия'),
    ('Германия'),
    ('США');

INSERT INTO city (city_name)
VALUES
    ('Москва'),
    ('Санкт-Петербург'),
    ('Новосибирск'),
    ('Екатеринбург'),
    ('Казань'),
    ('Нижний Новгород'),
    ('Самара');

INSERT INTO theater_schools (school_name, city_id)
VALUES
    ('Щукинское театральное училище', 1),
    ('Школа-студия МХАТ', 1),
    ('ГИТИС', 1),
    ('Академия театрального искусства', 2),
    ('Училище им. Щепкина', 1),
    ('Екатеринбургский театральный институт', 4),
    ('Новосибирское театральное училище', 3);

INSERT INTO genres (genre_name)
VALUES
    ('опера'),
    ('балет'),
    ('оперетта'),
    ('комедия'),
    ('трагедия'),
    ('драма'),
    ('мюзикл');

INSERT INTO age_categories (category_name)
VALUES
    ('детский'),
    ('молодёжный'),
    ('взрослый'),
    ('семейный');

INSERT INTO theaters (theater_name, city_id, address)
VALUES
    ('Большой театр', 1, 'Театральная пл., 1'),
    ('Мариинский театр', 2, 'Театральная пл., 1'),
    ('Театр оперы и балета', 3, 'Красный пр., 36'),
    ('Московский театр оперетты', 1, 'ул. Большая Дмитровка, 6'),
    ('Театр им. Вахтангова', 1, 'ул. Арбат, 26'),
    ('Александринский театр', 2, 'пл. Островского, 6'),
    ('Театр драмы', 4, 'пр. Ленина, 49а');

INSERT INTO current_theater (theater_id)
VALUES
    (2);

INSERT INTO seat_types (type_name)
VALUES
    ('партер'),
    ('амфитеатр'),
    ('бельэтаж'),
    ('балкон'),
    ('ложа');

INSERT INTO seasons (season_name, start_date, end_date)
VALUES
    ('2022/2023', '2022-09-01', '2023-06-30'),
    ('2023/2024', '2023-09-01', '2024-06-30'),
    ('2024/2025', '2024-09-01', '2025-06-30'),
    ('2025/2026', '2025-09-01', '2026-06-30');

INSERT INTO halls (hall_name)
VALUES
    ('Основная сцена'),
    ('Малая сцена'),
    ('Камерный зал');


-- ----------------------------------------
-- Работники
-- ----------------------------------------

INSERT INTO workers (last_name, first_name, birth_date, gender, hire_date, salary, worker_type_id, children_count)
VALUES
    ('Иванов', 'Алексей', '1985-03-15', 'М', '2010-09-01', 85000.00, 1, 2),
    ('Петрова', 'Елена', '1990-07-22', 'Ж', '2012-01-15', 75000.00, 1, 1),
    ('Сидоров', 'Дмитрий', '1988-11-30', 'М', '2011-03-20', 80000.00, 1, 0),
    ('Козлова', 'Анна', '1995-05-10', 'Ж', '2018-09-01', 60000.00, 1, 0),
    ('Морозов', 'Сергей', '1982-01-25', 'М', '2005-02-10', 95000.00, 1, 3),
    ('Волкова', 'Мария', '1992-09-18', 'Ж', '2015-08-20', 70000.00, 1, 1),
    ('Новиков', 'Андрей', '1998-12-05', 'М', '2020-09-01', 55000.00, 1, 0),
    ('Кузнецов', 'Павел', '1980-04-12', 'М', '2003-09-01', 65000.00, 2, 2),
    ('Лебедева', 'Ольга', '1987-08-03', 'Ж', '2009-01-10', 60000.00, 2, 1),
    ('Соколов', 'Игорь', '1991-06-28', 'М', '2013-05-15', 58000.00, 2, 0),
    ('Попова', 'Татьяна', '1985-02-14', 'Ж', '2007-09-01', 62000.00, 2, 2),
    ('Михайлов', 'Владимир', '1978-10-20', 'М', '2001-03-01', 70000.00, 2, 1),
    ('Фёдорова', 'Наталья', '1993-12-11', 'Ж', '2016-09-01', 55000.00, 2, 0),
    ('Егоров', 'Антон', '1989-07-07', 'М', '2012-02-20', 58000.00, 2, 1),
    ('Смирнов', 'Виктор', '1970-05-30', 'М', '1998-09-01', 120000.00, 3, 2),
    ('Белова', 'Ирина', '1975-11-15', 'Ж', '2002-01-10', 110000.00, 3, 1),
    ('Орлов', 'Николай', '1968-03-22', 'М', '1995-09-01', 130000.00, 3, 3),
    ('Захарова', 'Светлана', '1980-09-08', 'Ж', '2005-03-15', 90000.00, 4, 1),
    ('Васильев', 'Олег', '1976-01-19', 'М', '2000-09-01', 95000.00, 4, 2),
    ('Титова', 'Екатерина', '1983-06-25', 'Ж', '2008-01-20', 85000.00, 4, 0),
    ('Григорьев', 'Александр', '1972-08-14', 'М', '1999-09-01', 115000.00, 5, 2),
    ('Романова', 'Людмила', '1978-04-30', 'Ж', '2004-02-10', 105000.00, 5, 1),
    ('Макаров', 'Пётр', '1965-12-01', 'М', '1993-09-01', 150000.00, 6, 2),
    ('Андреева', 'Галина', '1980-03-17', 'Ж', '2006-01-15', 55000.00, 6, 1),
    ('Тимофеев', 'Роман', '1990-10-05', 'М', '2014-09-01', 45000.00, 6, 0),
    ('Никитина', 'Вера', '1988-07-22', 'Ж', '2012-03-10', 50000.00, 6, 1),
    ('Борисов', 'Геннадий', '1975-05-11', 'М', '2000-09-01', 60000.00, 6, 2);


-- ----------------------------------------
-- Подтипы работников
-- ----------------------------------------

INSERT INTO actors (worker_id, voice_type, height, weight, hair_color, eye_color, is_student, school_id)
VALUES
    (1, 'баритон', 182.00, 78.00, 'тёмный', 'карие', FALSE, NULL),
    (2, 'сопрано', 168.00, 55.00, 'русый', 'голубые', FALSE, NULL),
    (3, 'тенор', 178.00, 75.00, 'чёрный', 'карие', FALSE, NULL),
    (4, 'меццо-сопрано', 165.00, 52.00, 'рыжий', 'зелёные', TRUE, 1),
    (5, 'бас', 190.00, 90.00, 'седой', 'серые', FALSE, NULL),
    (6, 'сопрано', 170.00, 58.00, 'светлый', 'голубые', FALSE, NULL),
    (7, 'тенор', 175.00, 72.00, 'тёмный', 'карие', TRUE, 3);

INSERT INTO musicians (worker_id, instrument)
VALUES
    (8, 'скрипка'),
    (9, 'виолончель'),
    (10, 'флейта'),
    (11, 'кларнет'),
    (12, 'фагот'),
    (13, 'арфа'),
    (14, 'труба');

INSERT INTO director_producers (worker_id, specialization)
VALUES
    (15, 'драматический театр'),
    (16, 'музыкальный театр'),
    (17, 'оперный театр');

INSERT INTO designer_producers (worker_id, art_style)
VALUES
    (18, 'реализм'),
    (19, 'авангард'),
    (20, 'минимализм');

INSERT INTO conductor_producers (worker_id, orchestra_type)
VALUES
    (21, 'симфонический'),
    (22, 'камерный');

INSERT INTO staff (worker_id, position)
VALUES
    (23, 'директор'),
    (24, 'администратор'),
    (25, 'кассир'),
    (26, 'костюмер'),
    (27, 'осветитель');


-- ----------------------------------------
-- Звания и награды актёров
-- ----------------------------------------

INSERT INTO actor_honors (worker_id, honor_type, honor_name, award_date)
VALUES
    (1, 'заслуженный', 'Заслуженный артист РФ', '2018-06-12'),
    (1, 'народный', 'Народный артист РФ', '2023-06-12'),
    (2, 'заслуженный', 'Заслуженная артистка РФ', '2020-03-08'),
    (3, 'народный', 'Народный артист РФ', '2019-11-25'),
    (5, 'заслуженный', 'Заслуженный артист РФ', '2012-06-01'),
    (5, 'народный', 'Народный артист РФ', '2020-12-15'),
    (6, 'заслуженный', 'Заслуженная артистка РФ', '2022-03-08');

INSERT INTO actor_awards (worker_id, competition_name, award_name, award_date)
VALUES
    (1, 'Золотая маска', 'Лучшая мужская роль', '2017-04-15'),
    (2, 'Золотая маска', 'Лучшая женская роль', '2019-04-20'),
    (3, 'Хрустальная Турандот', 'Лучший дебют', '2015-06-10'),
    (4, 'Дебют', 'Лучший молодой актёр', '2022-05-30'),
    (5, 'Золотая маска', 'Лучшая мужская роль', '2014-04-18'),
    (6, 'Звезда театрала', 'Лучшая актриса', '2021-11-20'),
    (7, 'Золотая маска', 'Лучший молодой актёр', '2024-04-12');


-- ----------------------------------------
-- Авторы
-- ----------------------------------------

INSERT INTO authors (last_name, first_name, birth_year, death_year, country_id)
VALUES
    ('Чайковский', 'Пётр', 1840, 1893, 1),
    ('Пушкин', 'Александр', 1799, 1837, 1),
    ('Шекспир', 'Уильям', 1564, 1616, 2),
    ('Гоголь', 'Николай', 1809, 1852, 1),
    ('Штраус', 'Иоганн', 1825, 1899, 5),
    ('Чехов', 'Антон', 1860, 1904, 1),
    ('Верди', 'Джузеппе', 1813, 1901, 4);


-- ----------------------------------------
-- Спектакли
-- ----------------------------------------

INSERT INTO spectacles (title, genre_id, age_category_id, creation_year, director_id, artist_id, conductor_id, theater_id, premiere_date)
VALUES
    ('Лебединое озеро', 2, 4, 1877, 16, 18, 21, 1, '2015-09-15'),
    ('Евгений Онегин', 1, 3, 1879, 17, 19, 21, 2, '2016-03-20'),
    ('Щелкунчик', 2, 1, 1892, 16, 18, 22, 1, '2017-12-20'),
    ('Ревизор', 4, 3, 1836, 15, 20, NULL, 5, '2018-10-05'),
    ('Гамлет', 5, 3, 1600, 15, 19, NULL, 6, '2019-02-14'),
    ('Летучая мышь', 3, 3, 1874, 17, 20, 22, 4, '2020-11-10'),
    ('Три сестры', 6, 3, 1901, 15, 18, NULL, 5, '2021-04-25');

INSERT INTO spectacle_authors (spectacle_id, author_id)
VALUES
    (1, 1),
    (2, 1),
    (2, 2),
    (3, 1),
    (4, 4),
    (5, 3),
    (6, 5),
    (7, 6);


-- ----------------------------------------
-- Роли и распределение
-- ----------------------------------------

INSERT INTO roles (spectacle_id, role_name, is_main_role, required_gender, required_min_age, required_max_age, required_voice_type, required_min_height, required_max_height)
VALUES
    (1, 'Одетта-Одиллия', TRUE, 'Ж', 20, 35, 'сопрано', 165.00, 175.00),
    (1, 'Зигфрид', TRUE, 'М', 22, 40, 'тенор', 175.00, 190.00),
    (2, 'Татьяна', TRUE, 'Ж', 20, 35, 'сопрано', 160.00, 175.00),
    (2, 'Онегин', TRUE, 'М', 25, 40, 'баритон', 175.00, 190.00),
    (3, 'Маша', TRUE, 'Ж', 18, 30, 'сопрано', 160.00, 175.00),
    (4, 'Хлестаков', TRUE, 'М', 22, 38, NULL, 170.00, 185.00),
    (4, 'Городничий', FALSE, 'М', 35, 55, NULL, 170.00, 195.00),
    (5, 'Гамлет', TRUE, 'М', 25, 45, NULL, 175.00, 190.00),
    (6, 'Розалинда', TRUE, 'Ж', 25, 40, 'сопрано', 165.00, 175.00),
    (7, 'Маша', TRUE, 'Ж', 25, 40, NULL, 160.00, 175.00);

INSERT INTO casting (role_id, actor_id, is_understudy)
VALUES
    (1, 2, FALSE),
    (1, 6, TRUE),
    (2, 3, FALSE),
    (2, 7, TRUE),
    (3, 6, FALSE),
    (4, 1, FALSE),
    (4, 3, TRUE),
    (5, 4, FALSE),
    (6, 3, FALSE),
    (7, 5, FALSE),
    (8, 1, FALSE),
    (9, 2, FALSE),
    (10, 6, FALSE),
    (10, 4, TRUE);


-- ----------------------------------------
-- Зал и места
-- ----------------------------------------

INSERT INTO seats (hall_id, seat_type_id, row_number, seat_number)
VALUES
    (1, 1, 1, 1),
    (1, 1, 1, 2),
    (1, 1, 1, 3),
    (1, 2, 1, 1),
    (1, 2, 1, 2),
    (1, 4, 1, 1),
    (1, 5, 1, 1),
    (2, 1, 1, 1),
    (2, 1, 1, 2),
    (2, 1, 1, 3),
    (2, 3, 1, 1),
    (2, 3, 1, 2),
    (2, 4, 1, 1),
    (2, 4, 1, 2),
    (3, 1, 1, 1),
    (3, 1, 1, 2),
    (3, 1, 1, 3),
    (3, 1, 1, 4),
    (3, 1, 2, 1),
    (3, 1, 2, 2),
    (3, 1, 2, 3);


-- ----------------------------------------
-- Ценообразование
-- ----------------------------------------

INSERT INTO pricing (spectacle_id, seat_type_id, is_premiere, price)
VALUES
    (1, 1, FALSE, 3000.00),
    (1, 1, TRUE, 4500.00),
    (1, 2, FALSE, 2000.00),
    (2, 1, FALSE, 3500.00),
    (3, 1, FALSE, 2500.00),
    (4, 1, FALSE, 2000.00),
    (6, 1, TRUE, 4500.00);


-- ----------------------------------------
-- Показы
-- ----------------------------------------

INSERT INTO shows (spectacle_id, season_id, hall_id, show_date, show_time, is_premiere)
VALUES
    (1, 2, 1, '2023-10-20', '19:00', TRUE),
    (2, 2, 1, '2023-12-15', '19:00', FALSE),
    (1, 3, 1, '2024-10-15', '19:00', FALSE),
    (3, 3, 1, '2024-12-25', '12:00', FALSE),
    (4, 3, 2, '2025-01-10', '19:00', FALSE),
    (5, 3, 2, '2025-02-14', '19:00', FALSE),
    (6, 3, 1, '2025-03-08', '19:00', TRUE),
    (6, 4, 1, '2026-05-08', '19:00', TRUE);


-- ----------------------------------------
-- Билеты
-- ----------------------------------------

INSERT INTO tickets (show_id, seat_id, price, sale_date, is_advance_sale)
VALUES
    (1, 1, 4500.00, '2023-10-01', TRUE),
    (1, 4, 3000.00, '2023-10-18', FALSE),
    (2, 2, 3500.00, '2023-12-10', TRUE),
    (3, 1, 3000.00, '2024-10-01', TRUE),
    (3, 6, 1500.00, '2024-10-15', FALSE),
    (5, 8, 2000.00, '2025-01-05', TRUE),
    (7, 1, 4500.00, '2025-02-20', TRUE);


-- ----------------------------------------
-- Гастроли
-- ----------------------------------------

INSERT INTO tours (spectacle_id, from_theater_id, to_theater_id, start_date, end_date)
VALUES
    (1, 1, 2, '2024-07-01', '2024-07-15'),
    (NULL, 2, 1, '2024-08-10', '2024-08-20'),
    (4, 1, 7, '2025-06-01', '2025-06-10'),
    (NULL, 3, 1, '2023-07-05', '2023-07-20'),
    (5, 1, 6, '2024-06-15', '2024-06-25'),
    (6, 1, 4, '2025-07-01', '2025-07-20'),
    (NULL, 6, 1, '2025-08-01', '2025-08-10');

INSERT INTO tour_participants (tour_id, worker_id)
VALUES
    (1, 1),
    (1, 2),
    (1, 3),
    (1, 8),
    (3, 3),
    (3, 5),
    (5, 1);